Timestamp,Email Address,Full Name ,"Preferred Two Names
(Eg: Hasidu Fernando)",Team you are in,Position,Date of Birth,Contact Number (WhatsApp),Personal Email,University,Degree,Year,Living District,Nearest Town to Home,IEEE Number,IEEE Email (If you have one),LinkedIn Profile URL,FB Profile URL,Instagram Profile URL,"Mention a little about you. (Likes, dislikes, hobbies, or anything interesting)",Upload a portrait photo of you. (Do not submit selfies or side photos),"I confirm that I accept the position of University Ambassador of IEEE Innovation Nation Sri Lanka 2026 and agree to fulfill the roles and responsibilities assigned to me.
I also confirm my commitment to actively contribute to the success of INSL 2026 and to adhere to the standards and expectations set by the organizing committee."
01/04/2026 17:45:01,athulanishantha07@gmail.com,D V Yasiru Binuwara,Yasiru Vitharanage ,,,22/06/2005,0777213372,yasiruvitharanage@gmail.com,SLIIT,BSc in Electrical and Electronics Engineering ,Third Year,,,102019250,,https://www.linkedin.com/in/yasiru-vitharanage-92a4b3363?utm_source=share&utm_campaign=share_via&utm_content=profile&utm_medium=ios_app,,https://www.instagram.com/yasiru.x?igsh=MWNnODFjbDhjZnpiaQ%3D%3D&utm_source=qr,,https://drive.google.com/open?id=1DuCTlQ5viZNh1EA8NyDI8WkR10EH1Who,I agree to the above terms
01/04/2026 17:56:57,aviduwitharana@gmail.com,Avidu Dasun Sankalpa Witharana,Avidu Witharana,,,15/01/2003,+94755786246,aviduwitharana@gmail.com,University of Jaffna,Bachelor of the Science of Engineering Honours in Computer Engineering,Third Year,,,98652488,avidu@ieee.org,https://www.linkedin.com/in/avidz,https://www.facebook.com/avidzxv/,https://www.instagram.com/avidz_cheetah,,https://drive.google.com/open?id=1HzEcgJLr27xUegtHCPpuKvjmSIWx8XeX,I agree to the above terms
01/04/2026 18:06:27,dilharabandara3@gmail.com,Kelekoralalage Gedara Harshana Dilhara Bandara,Dilhara Bandara ,,,10/04/2003,0703892138,dilharabandara3@gmail.com,University of Kelaniya ,BSc Hons in Electronics and Computer Science ,Third Year,,,102150277,,https://lk.linkedin.com/in/dilhara-bandara,https://www.facebook.com/dilhara.bandara.12/,https://www.instagram.com/dilhara_003/,,https://drive.google.com/open?id=1h3SL0h5emfDC_XfPtwDbA5D_pj7Xg97i,I agree to the above terms
01/04/2026 19:50:57,teranssandeepa14@gmail.com,Samasundara Mudiynselage Terans Sandeepa,Terans Sandeepa,,,17/07/2002,0701815405,teranssandeepa14@gmail.com,Wayamba University ,Applied sciences (BSc),Second Year,,,102070958,,https://www.linkedin.com/in/terans-sandeep-33125b2a3/,https://www.facebook.com/share/18fJpDkgEG/?mibextid=wwXIfr,https://www.instagram.com/teranssandeepa?igsh=bHh6MXM5Nm10bG5v&utm_source=qr,,https://drive.google.com/open?id=1dnqyjgZbNIDOiKQnFBRvH8yaNvfHDY-I,I agree to the above terms
02/04/2026 02:44:09,tharukiemalshi@gmail.com,Malshi Tharukie Jayaweera ,Malshi Jayaweera ,,,21/03/2003,0763655291,tharukiemalshi@gmail.com,General Sir John Kothalawala Defence University ,Data Science and Business Analytics ,Second Year,,,101446807,,,,https://www.instagram.com/tharukie_?igsh=d3UybnM3emp6MGNu,,https://drive.google.com/open?id=1FuAYXgZ1LACv63O5xirrnPAvfBGM8YPO,I agree to the above terms
02/04/2026 07:46:58,vbanuja22@gmail.com,Banuja Vijayarajan ,Banuja Vijayarajan ,,,22/11/2001,0766957511,vbanuja22@gmail.com,University of Vavuniya ,B.Sc IT,Second Year,,,100672961,.,https://www.linkedin.com/in/banuja-vijayarajan-035534328?utm_source=share_via&utm_content=profile&utm_medium=member_android,,https://www.instagram.com/_banu_official__?igsh=OWxsNDQ0cXQ3Mjg4,,https://drive.google.com/open?id=1UeAQYom1B2V3uCKT3k-oSrrVbH8wivwB,I agree to the above terms
02/04/2026 16:43:33,savinthiattanayake@gmail.com,Madurawe Attanayake Mudiyanselage Savinthi Vinaya Attanayake,Savinthi Attanayake,,,05/09/2005,0743113262,savinthiattanayake@gmail.com,Curtin University ,Engineering,Second Year,,,102237942,,www.linkedin.com/in/savinthi-attanayake-60453a231,,https://www.instagram.com/sa_win_she/,,https://drive.google.com/open?id=1qOltfRvywymr5NHUX6pKYTrS1qEVljtt,I agree to the above terms
03/04/2026 09:54:25,sachilachathnuka27@gmail.com,A.K Sachila Chathnuka Niroshana,Sachila Chathnuka ,,,23/11/2002,0750467649,sachilachathnuka27@gmail.com,Sri Lanka Technological Campus ,Bachelors In Data Science ,Third Year,,,101002364,,https://www.linkedin.com/in/sachila-chathnuka-1a5a42376?utm_source=share_via&utm_content=profile&utm_medium=member_android,https://www.facebook.com/share/1C9Qr1SMbX/,https://www.instagram.com/sachila_chathnuka.x?igsh=MXYzYmM2ZjgwOW53Yg==,,https://drive.google.com/open?id=1Y8pkSyiWEFoVP39wEnNGQ4gdQf1wAiC7,I agree to the above terms
03/04/2026 17:47:59,ishadithilakshana02@gmail.com,Bulathsignhala Arachchige Ishadi Thilakshana ,Ishadi Thilakshana ,,,12/09/2002,0753302379,ishadithilakshana02@gmail.com,NSBM Green University ,BSc in Management Information Systems (Special),Third Year,,,101073073,ishadithilakshana@ieee.org,https://www.linkedin.com/in/ishadhi-thilakshana-924527351,https://www.facebook.com/share/1ET8cMkwnK/,,,https://drive.google.com/open?id=1ON5A7LQs-2899WX3ANGm3BUQoxiVilNA,I agree to the above terms
04/04/2026 04:32:10,lasithanupama123@gmail.com,Jayasekara Kulasinghe Arachchige Lasith Anupama,Lasith Anupama,,,21/01/2004,0705075057,Lasithanupama123@gmail.com,University of Ruhuna,Engineering ,Second Year,,,Not yet,,,,,,https://drive.google.com/open?id=1X2xwEIh-EsOUD6Id9zdEbR9rW4fuxzl-,I agree to the above terms
04/04/2026 13:47:16,isu123chathu@gmail.com,Ranaweera Arachchillage Isuru Chathuranga ,Isuru Chathuranga ,,,26/09/2002,0788027043,isu123chathu@gmail.com,Uva Wellassa University ,Computer Science and Technology ,Second Year,,,102024279,,https://www.linkedin.com/in/isuru-chathuranga-a0a36b366?utm_source=share&utm_campaign=share_via&utm_content=profile&utm_medium=android_app,https://www.facebook.com/profile.php?id=100082762322473,,,https://drive.google.com/open?id=1JHXsZiNyT7SGXxFtiupdB1MQCFOaUscT,I agree to the above terms
04/04/2026 17:47:57,muhammedanis2227@gmail.com,Muhammed Anis ,Muhammed Anis ,,,28/04/2006,0760631708,muhammedanis2227@gmail.com,Cinec Campus ,B.Eng in mechatronics and robotics ,First Year,,,102161419,,https://www.linkedin.com/in/muhammed-anis-8b970a388?utm_source=share&utm_campaign=share_via&utm_content=profile&utm_medium=android_app,,https://www.instagram.com/muhxmmed_anis?igsh=NWJsdGF4OTV5YnBv,,https://drive.google.com/open?id=1KOe7_L1XXqcIe-MbVen1slQyQ-aXRBVs,I agree to the above terms
04/04/2026 18:02:06,tharunc39@gmail.com,Tharun Chandran,Tharun,,,15/06/2005,776970125,tharunc39@gmail.com,NIBM,BSc (Hons) Computer Science with Artificial Intelligence ,Second Year,,,102200850,,https://www.linkedin.com/in/tharun-chandran-b061a1312?utm_source=share_via&utm_content=profile&utm_medium=member_ios,https://www.facebook.com/share/18VWSCW5Ku/?mibextid=wwXIfr,https://www.instagram.com/tharunchndrn?igsh=dDVqN3B4MjlpNW0x&utm_source=qr,,https://drive.google.com/open?id=1C7DGGBEHD9T3wpW7PDFxDx6ps6Ilj-CA,I agree to the above terms
04/04/2026 21:41:29,wageesha.20241968@iit.ac.lk,Koku Hannedige Wageesha Vihangana ,Wageesha Vihangana ,,,13/11/2005,0714182326,Vihanganawageesha@gmail.com,Informatics Institute of Technology ,AI and Data Science ,First Year,,,102285759,,https://www.linkedin.com/in/wageesha-vihangana-368a59394?utm_source=share_via&utm_content=profile&utm_medium=member_ios,https://www.facebook.com/share/18F5xjHhiB/?mibextid=wwXIfr,https://www.instagram.com/wageesha.__v?igsh=a292b2pyZ3FldjJr&utm_source=qr,,https://drive.google.com/open?id=1wiUnlT9sOk9CiUalT8BRAm-UBGvHRKgd,I agree to the above terms
05/04/2026 09:38:29,kumudyamiulignanaweera@gmail.com,Wadurawa Mudiyanselage Kumudya Miuli Kumari Gnanaweera ,Kumudya Gnanaweera ,,,06/10/2004,0758229091,kumudyamiulignanaweera@gmail.com,University of Moratuwa ,BSc(Hons) in Information Technology ,First Year,,,102291640,,https://www.instagram.com/_kumudyamiuli_?igsh=MTZpaGxwNGEybDZhMg==,https://www.instagram.com/_kumudyamiuli_?igsh=MTZpaGxwNGEybDZhMg==,https://www.instagram.com/_kumudyamiuli_?igsh=MTZpaGxwNGEybDZhMg==,,https://drive.google.com/open?id=1CyhDbZH33DFcbyVeGONalo7G5TSn3t0n,I agree to the above terms
06/04/2026 06:59:11,ajan2002ajanthan@gmail.com,Vijayakumar Ajanthan,Ajanthan,,,04/11/2002,0760631945,ajanofficial04@gmail.com,Rajarata university of sri lanka,BSC in IT,Second Year,,,101271658,ajanthan@ieee.org,,,,,https://drive.google.com/open?id=1aKhGtKZDTvO8Bn2yHt0vDb2SprJclMnX,I agree to the above terms
06/04/2026 08:03:17,rubashalini11@gmail.com,Rubarajan Rubashalini ,Ruba shalini ,,,11/08/2003,0769306832,rubashalini11@gmail.com,Sabaragamuwa university of sri lanka ,B.Sc(Software Engineering),Second Year,,,100380024,rubashalini11@gmail.com,https://www.linkedin.com/in/ruba-shalini-shalu-315982316/,,,,https://drive.google.com/open?id=1UvV_HFwrjb6Z-tIvyTBURqpkJ5qFOeKD,I agree to the above terms
06/04/2026 12:17:37,sanushanc@gmail.com,Chandrakumar Sanushan,Chandrakumar Sanushan,,,20/02/2004,0703336000,sanushanc@gmail.com,South eastern university ,Engineering ,First Year,,,102217950,,,https://www.facebook.com/chandrakumar.sanushan?mibextid=wwXIfr&mibextid=wwXIfr,https://www.instagram.com/mr_sanushan?igsh=MTI3amtxMTkxcDRuYQ%3D%3D&utm_source=qr,,https://drive.google.com/open?id=1XJlSgU5Tancvpzcr_o0n8RiZV_pWIfOo,I agree to the above terms
06/04/2026 17:44:33,ruvishar@gmail.com,Thalpe Hewa Witharanage Ruvisha Ranhara Wijayawansha ,Ruvisha Ranhara ,,,09/09/2004,0785455068,ruvishar@gmail.com,University of vocational technology ,Web and creative media ,First Year,,,101799109,ruvishar@gmail.com,,https://www.facebook.com/share/1Cg2LaPuQi/,https://www.instagram.com/ranhararuvisha/,,https://drive.google.com/open?id=1l4Rng2xDyehAueyq8Nc9uFmBp-fbx4PH,I agree to the above terms
06/04/2026 17:44:24,vinukimaharage126@gmail.com,Vinuki Pesara Omalmee Maharage,Vinuki Maharage,,,19/02/2004,0703637171,vinukimaharage126@gmail.com,University of Colombo,BSc in Information Systems,First Year,,,000,,http://www.linkedin.com/in/vinukimaharage,,,,https://drive.google.com/open?id=1dnVGil32loSQ8fa_Hx2QBgaBI4lQFfwY,I agree to the above terms
06/04/2026 18:36:43,premasirisachintha@gmail.com,Kandegama Kankanamalage Sachintha Suneth Premasiri,Sachintha Suneth,,,03/05/2004,0704958968,premasirisachintha@gmail.com,Open university of Sri Lanka,Electronics and Communication engineering ,Second Year,,,N/A,,,Sachintha Suneth,,,https://drive.google.com/open?id=1lPmw-ueoAZXUYeAhm0O-3fdyXVi2Vr1Z,I agree to the above terms
06/04/2026 18:39:22,hashanhirantha12@gmail.com,Hashan Hirantha Dias Nagahawatta,Hashan Hirantha,,,20/04/2002,0705665091,hashanhirantha12@gmail.com,University of Sri Jayewardenepura ,Computer Science ,Third Year,,,N/A,,https://www.linkedin.com/in/hashan-hirantha-3945b7293?utm_source=share_via&utm_content=profile&utm_medium=member_ios,https://www.facebook.com/share/1BNgBesA1U/?mibextid=wwXIfr,https://www.instagram.com/hashan_hirantha_?igsh=MTJhOHl3ZGgyaGFxNQ%3D%3D&utm_source=qr,,https://drive.google.com/open?id=15f7c7dC8UtJ_RCBJ8KAqN7jpz46G7hAG,I agree to the above terms
08/04/2026 12:51:56,e21040@eng.pdn.ac.lk,Athapaththu Mudiyanselage Lahiru Pathum Athapaththu ,Lahiru Pathum,,,18/06/2002,0768823591,lahiruathapaththu4@gmail.com,University of Peradeniya ,Engineering,Third Year,,,No,No,https://www.linkedin.com/in/lahiru-athapaththu-b89658281?trk=contact-info,https://www.facebook.com/share/1aTs4uzKih/,No,,https://drive.google.com/open?id=1YnXaGWyq8KHUmZOgm86I6rdRwLvC4PcS,I agree to the above terms